id;priority;created;occupiers_name;occupiers_home_phone;occupiers_work_phone;occupiers_mobile_phone;work;access_instructions;updated;start;frequency
1;P2_MEDIUM;2022-01-20T06:44:40;Mississippi;hack;Refined Engineer interface;cyan;../fake-data/blob/hipster.txt;../fake-data/blob/hipster.txt;2022-01-20T08:44:06;2022-01-19;52722
2;P1_HIGH;2022-01-19T18:19:37;methodologies Car Manager;Chief Cambridgeshire Customer;Sports Fantastic;mesh Agent transmit;../fake-data/blob/hipster.txt;../fake-data/blob/hipster.txt;2022-01-20T12:24:24;2022-01-20;22692
3;P2_MEDIUM;2022-01-20T04:12:25;Health;unleash;multi-byte sticky 1080p;synthesizing invoice;../fake-data/blob/hipster.txt;../fake-data/blob/hipster.txt;2022-01-19T21:15:54;2022-01-20;33204
4;P2_MEDIUM;2022-01-20T00:40:37;Alaska Web;relationships Jewelery Glen;card;Cambridgeshire Cambridgeshire Games;../fake-data/blob/hipster.txt;../fake-data/blob/hipster.txt;2022-01-19T21:26:47;2022-01-20;39432
5;P2_MEDIUM;2022-01-19T20:20:39;Profound Sri;Auto;Hat;Account Multi-lateral object-oriented;../fake-data/blob/hipster.txt;../fake-data/blob/hipster.txt;2022-01-20T06:46:04;2022-01-20;86283
6;P1_HIGH;2022-01-19T16:51:34;Principal deposit;support;Response Account engineer;deposit navigate 1080p;../fake-data/blob/hipster.txt;../fake-data/blob/hipster.txt;2022-01-19T16:03:37;2022-01-20;12760
7;P3_LOW;2022-01-19T16:58:20;Analyst;Global invoice;Loan;Agent override Sausages;../fake-data/blob/hipster.txt;../fake-data/blob/hipster.txt;2022-01-19T16:15:51;2022-01-20;12026
8;P1_HIGH;2022-01-20T04:53:59;input Devolved;online platforms;sensor;Decentralized HDD Cross-platform;../fake-data/blob/hipster.txt;../fake-data/blob/hipster.txt;2022-01-20T06:15:27;2022-01-19;27815
9;P1_HIGH;2022-01-20T06:06:12;Multi-channelled bandwidth;PCI;magenta monitor deposit;Ridges;../fake-data/blob/hipster.txt;../fake-data/blob/hipster.txt;2022-01-20T11:57:54;2022-01-20;62533
10;P3_LOW;2022-01-19T21:36:06;haptic Shirt Table;Practical;Lek Steel;e-business functionalities ADP;../fake-data/blob/hipster.txt;../fake-data/blob/hipster.txt;2022-01-20T13:45:38;2022-01-19;17083
